{"count":1,"self":26.3835744,"total":107.9104808,"children":{"InitializeActuators":{"count":6,"self":0.0010008,"total":0.0010008,"children":null},"InitializeSensors":{"count":6,"self":0.0010004999999999999,"total":0.0010004999999999999,"children":null},"AgentSendState":{"count":71234,"self":0.2980562,"total":0.9892611,"children":{"CollectObservations":{"count":85482,"self":0.09034579999999999,"total":0.09034579999999999,"children":null},"WriteActionMask":{"count":85482,"self":0.026070899999999998,"total":0.026070899999999998,"children":null},"RequestDecision":{"count":85482,"self":0.1616921,"total":0.5747882,"children":{"AgentInfo.ToProto":{"count":85482,"self":0.1580209,"total":0.41309609999999997,"children":{"GenerateSensorData":{"count":85482,"self":0.2550752,"total":0.2550752,"children":null}}}}}}},"DecideAction":{"count":71234,"self":80.076768,"total":80.0767687,"children":null},"AgentAct":{"count":71234,"self":0.4502218,"total":0.45122189999999995,"children":{"AgentInfo.ToProto":{"count":133,"self":0.0010000999999999999,"total":0.0010000999999999999,"children":{"GenerateSensorData":{"count":133,"self":0,"total":0,"children":null}}}}},"AgentInfo.ToProto":{"count":875,"self":0.0020402,"total":0.0061287999999999994,"children":{"GenerateSensorData":{"count":875,"self":0.0040885999999999995,"total":0.0040885999999999995,"children":null}}}},"gauges":{"GetCoinAgent.CumulativeReward":{"count":1008,"max":1,"min":-1,"runningAverage":0.5505953,"value":1,"weightedAverage":0.9999999}},"metadata":{"timer_format_version":"0.1.0","start_time_seconds":"1732968952","unity_version":"2021.3.15f1","command_line_arguments":"C:\\Program Files\\Unity\\Hub\\Editor\\2021.3.15f1\\Editor\\Unity.exe -projectpath C:\/Users\/nicho\/OneDrive\/Desktop\/HOME-DEV\/Unity-ML-Agents\/Unity RL -useHub -hubIPC -cloudEnvironment production -hubSessionId 5a5d7e20-aecd-11ef-8ec8-838109093653","communication_protocol_version":"1.5.0","com.unity.ml-agents_version":"2.0.1","scene_name":"TestScene","end_time_seconds":"1732969060"}}