{
    "name": "root",
    "gauges": {
        "GetCoinAgent.Policy.Entropy.mean": {
            "value": 1.382266640663147,
            "min": 1.382266640663147,
            "max": 1.4209920167922974,
            "count": 5
        },
        "GetCoinAgent.Policy.Entropy.sum": {
            "value": 69011.046875,
            "min": 69011.046875,
            "max": 71404.8515625,
            "count": 5
        },
        "GetCoinAgent.Environment.EpisodeLength.mean": {
            "value": 16.457751396648046,
            "min": 16.457751396648046,
            "max": 152.31578947368422,
            "count": 5
        },
        "GetCoinAgent.Environment.EpisodeLength.sum": {
            "value": 47135.0,
            "min": 47135.0,
            "max": 49978.0,
            "count": 5
        },
        "GetCoinAgent.Step.mean": {
            "value": 249998.0,
            "min": 49969.0,
            "max": 249998.0,
            "count": 5
        },
        "GetCoinAgent.Step.sum": {
            "value": 249998.0,
            "min": 49969.0,
            "max": 249998.0,
            "count": 5
        },
        "GetCoinAgent.Policy.ExtrinsicValueEstimate.mean": {
            "value": 0.9051523804664612,
            "min": 0.43458080291748047,
            "max": 0.9051523804664612,
            "count": 5
        },
        "GetCoinAgent.Policy.ExtrinsicValueEstimate.sum": {
            "value": 2592.3564453125,
            "min": 453.2677917480469,
            "max": 2592.3564453125,
            "count": 5
        },
        "GetCoinAgent.Environment.CumulativeReward.mean": {
            "value": 0.9979050279329609,
            "min": -0.33436532507739936,
            "max": 0.9979050279329609,
            "count": 5
        },
        "GetCoinAgent.Environment.CumulativeReward.sum": {
            "value": 2858.0,
            "min": -108.0,
            "max": 2858.0,
            "count": 5
        },
        "GetCoinAgent.Policy.ExtrinsicReward.mean": {
            "value": 0.9979050279329609,
            "min": -0.33436532507739936,
            "max": 0.9979050279329609,
            "count": 5
        },
        "GetCoinAgent.Policy.ExtrinsicReward.sum": {
            "value": 2858.0,
            "min": -108.0,
            "max": 2858.0,
            "count": 5
        },
        "GetCoinAgent.Losses.PolicyLoss.mean": {
            "value": 0.02360167256556451,
            "min": 0.022574830390512945,
            "max": 0.025459663211368028,
            "count": 5
        },
        "GetCoinAgent.Losses.PolicyLoss.sum": {
            "value": 0.11800836282782255,
            "min": 0.09302456552783649,
            "max": 0.12729831605684014,
            "count": 5
        },
        "GetCoinAgent.Losses.ValueLoss.mean": {
            "value": 0.002596311383725454,
            "min": 0.002596311383725454,
            "max": 0.055513130198232834,
            "count": 5
        },
        "GetCoinAgent.Losses.ValueLoss.sum": {
            "value": 0.012981556918627271,
            "min": 0.012981556918627271,
            "max": 0.22205252079293133,
            "count": 5
        },
        "GetCoinAgent.Policy.LearningRate.mean": {
            "value": 0.00016429216523596,
            "min": 0.00016429216523596,
            "max": 0.0002845218051594,
            "count": 5
        },
        "GetCoinAgent.Policy.LearningRate.sum": {
            "value": 0.0008214608261798,
            "min": 0.0008214608261798,
            "max": 0.0012835632721456,
            "count": 5
        },
        "GetCoinAgent.Policy.Epsilon.mean": {
            "value": 0.15476404000000005,
            "min": 0.15476404000000005,
            "max": 0.1948406,
            "count": 5
        },
        "GetCoinAgent.Policy.Epsilon.sum": {
            "value": 0.7738202000000002,
            "min": 0.7738202000000002,
            "max": 0.9278544000000001,
            "count": 5
        },
        "GetCoinAgent.Policy.Beta.mean": {
            "value": 0.002742725596,
            "min": 0.002742725596,
            "max": 0.00474254594,
            "count": 5
        },
        "GetCoinAgent.Policy.Beta.sum": {
            "value": 0.01371362798,
            "min": 0.01371362798,
            "max": 0.02139993456,
            "count": 5
        },
        "GetCoinAgent.IsTraining.mean": {
            "value": 1.0,
            "min": 1.0,
            "max": 1.0,
            "count": 5
        },
        "GetCoinAgent.IsTraining.sum": {
            "value": 1.0,
            "min": 1.0,
            "max": 1.0,
            "count": 5
        }
    },
    "metadata": {
        "timer_format_version": "0.1.0",
        "start_time_seconds": "1733004082",
        "python_version": "3.8.13 (default, Dec 20 2022, 22:09:25) [MSC v.1900 64 bit (AMD64)]",
        "command_line_arguments": "C:\\Users\\nicho\\OneDrive\\Desktop\\HOME-DEV\\Unity-ML-Agents\\Unity RL\\rl-venv\\Scripts\\mlagents-learn --run-id=test01 --force",
        "mlagents_version": "0.30.0",
        "mlagents_envs_version": "0.30.0",
        "communication_protocol_version": "1.5.0",
        "pytorch_version": "1.7.1+cu110",
        "numpy_version": "1.21.2",
        "end_time_seconds": "1733004509"
    },
    "total": 426.8387376,
    "count": 1,
    "self": 0.005729700000017601,
    "children": {
        "run_training.setup": {
            "total": 0.10171360000000007,
            "count": 1,
            "self": 0.10171360000000007
        },
        "TrainerController.start_learning": {
            "total": 426.7312943,
            "count": 1,
            "self": 0.9102889999971921,
            "children": {
                "TrainerController._reset_env": {
                    "total": 14.079304399999998,
                    "count": 1,
                    "self": 14.079304399999998
                },
                "TrainerController.advance": {
                    "total": 411.6215188000027,
                    "count": 54714,
                    "self": 0.8082965999926728,
                    "children": {
                        "env_step": {
                            "total": 329.6200233000088,
                            "count": 54714,
                            "self": 219.86208560001566,
                            "children": {
                                "SubprocessEnvManager._take_step": {
                                    "total": 109.20928509999663,
                                    "count": 54714,
                                    "self": 2.7188547999977004,
                                    "children": {
                                        "TorchPolicy.evaluate": {
                                            "total": 106.49043029999893,
                                            "count": 47957,
                                            "self": 106.49043029999893
                                        }
                                    }
                                },
                                "workers": {
                                    "total": 0.548652599996533,
                                    "count": 54713,
                                    "self": 0.0,
                                    "children": {
                                        "worker_root": {
                                            "total": 409.022992800001,
                                            "count": 54713,
                                            "is_parallel": true,
                                            "self": 237.31057450000077,
                                            "children": {
                                                "steps_from_proto": {
                                                    "total": 0.0010832999999994541,
                                                    "count": 1,
                                                    "is_parallel": true,
                                                    "self": 0.00013919999999778554,