{
    "name": "root",
    "gauges": {
        "GetCoinAgent.Policy.Entropy.mean": {
            "value": 1.4210094213485718,
            "min": 1.4210094213485718,
            "max": 1.4210094213485718,
            "count": 1
        },
        "GetCoinAgent.Policy.Entropy.sum": {
            "value": 71320.4609375,
            "min": 71320.4609375,
            "max": 71320.4609375,
            "count": 1
        },
        "GetCoinAgent.Step.mean": {
            "value": 49946.0,
            "min": 49946.0,
            "max": 49946.0,
            "count": 1
        },
        "GetCoinAgent.Step.sum": {
            "value": 49946.0,
            "min": 49946.0,
            "max": 49946.0,
            "count": 1
        },
        "GetCoinAgent.Policy.ExtrinsicValueEstimate.mean": {
            "value": -0.7138627767562866,
            "min": -0.7138627767562866,
            "max": -0.7138627767562866,
            "count": 1
        },
        "GetCoinAgent.Policy.ExtrinsicValueEstimate.sum": {
            "value": -735.2786865234375,
            "min": -735.2786865234375,
            "max": -735.2786865234375,
            "count": 1
        },
        "GetCoinAgent.Environment.EpisodeLength.mean": {
            "value": 113.62672811059907,
            "min": 113.62672811059907,
            "max": 113.62672811059907,
            "count": 1
        },
        "GetCoinAgent.Environment.EpisodeLength.sum": {
            "value": 49314.0,
            "min": 49314.0,
            "max": 49314.0,
            "count": 1
        },
        "GetCoinAgent.Environment.CumulativeReward.mean": {
            "value": 0.07159353348729793,
            "min": 0.07159353348729793,
            "max": 0.07159353348729793,
            "count": 1
        },
        "GetCoinAgent.Environment.CumulativeReward.sum": {
            "value": 31.0,
            "min": 31.0,
            "max": 31.0,
            "count": 1
        },
        "GetCoinAgent.Policy.ExtrinsicReward.mean": {
            "value": 0.07159353348729793,
            "min": 0.07159353348729793,
            "max": 0.07159353348729793,
            "count": 1
        },
        "GetCoinAgent.Policy.ExtrinsicReward.sum": {
            "value": 31.0,
            "min": 31.0,
            "max": 31.0,
            "count": 1
        },
        "GetCoinAgent.Losses.PolicyLoss.mean": {
            "value": 0.02373049550612147,
            "min": 0.02373049550612147,
            "max": 0.02373049550612147,
            "count": 1
        },
        "GetCoinAgent.Losses.PolicyLoss.sum": {
            "value": 0.09492198202448587,
            "min": 0.09492198202448587,
            "max": 0.09492198202448587,
            "count": 1
        },
        "GetCoinAgent.Losses.ValueLoss.mean": {
            "value": 0.04671092278634509,
            "min": 0.04671092278634509,
            "max": 0.04671092278634509,
            "count": 1
        },
        "GetCoinAgent.Losses.ValueLoss.sum": {
            "value": 0.18684369114538035,
            "min": 0.18684369114538035,
            "max": 0.18684369114538035,
            "count": 1
        },
        "GetCoinAgent.Policy.LearningRate.mean": {
            "value": 0.0002845764051411999,
            "min": 0.0002845764051411999,
            "max": 0.0002845764051411999,
            "count": 1
        },
        "GetCoinAgent.Policy.LearningRate.sum": {
            "value": 0.0011383056205647997,
            "min": 0.0011383056205647997,
            "max": 0.0011383056205647997,
            "count": 1
        },
        "GetCoinAgent.Policy.Epsilon.mean": {
            "value": 0.19485879999999997,
            "min": 0.19485879999999997,
            "max": 0.19485879999999997,
            "count": 1
        },
        "GetCoinAgent.Policy.Epsilon.sum": {
            "value": 0.7794351999999999,
            "min": 0.7794351999999999,
            "max": 0.7794351999999999,
            "count": 1
        },
        "GetCoinAgent.Policy.Beta.mean": {
            "value": 0.00474345412,
            "min": 0.00474345412,
            "max": 0.00474345412,
            "count": 1
        },
        "GetCoinAgent.Policy.Beta.sum": {
            "value": 0.01897381648,
            "min": 0.01897381648,
            "max": 0.01897381648,
            "count": 1
        },
        "GetCoinAgent.IsTraining.mean": {
            "value": 1.0,
            "min": 1.0,
            "max": 1.0,
            "count": 1
        },
        "GetCoinAgent.IsTraining.sum": {
            "value": 1.0,
            "min": 1.0,
            "max": 1.0,
            "count": 1
        }
    },
    "metadata": {
        "timer_format_version": "0.1.0",
        "start_time_seconds": "1732968933",
        "python_version": "3.8.13 (default, Dec 20 2022, 22:09:25) [MSC v.1900 64 bit (AMD64)]",
        "command_line_arguments": "C:\\Users\\nicho\\OneDrive\\Desktop\\HOME-DEV\\Unity-ML-Agents\\Unity RL\\rl-venv\\Scripts\\mlagents-learn --run-id=get-coin",
        "mlagents_version": "0.30.0",
        "mlagents_envs_version": "0.30.0",
        "communication_protocol_version": "1.5.0",
        "pytorch_version": "1.7.1+cu110",
        "numpy_version": "1.21.2",
        "end_time_seconds": "1732969121"
    },
    "total": 188.2524798,
    "count": 1,
    "self": 0.004267099999992752,
    "children": {
        "run_training.setup": {
            "total": 0.10486390000000012,
            "count": 1,
            "self": 0.10486390000000012
        },
        "TrainerController.start_learning": {
            "total": 188.1433488,
            "count": 1,
            "self": 0.1965261000008809,
            "children": {
                "TrainerController._reset_env": {
                    "total": 22.0138417,
                    "count": 1,
                    "self": 22.0138417
                },
                "TrainerController.advance": {
                    "total": 165.83549629999914,
                    "count": 15005,
                    "self": 0.18408079999912275,
                    "children": {
                        "env_step": {
                            "total": 147.09940779999965,
                            "count": 15005,
                            "self": 114.02898689999958,
                            "children": {
                                "SubprocessEnvManager._take_step": {
                                    "total": 32.945810799999904,
                                    "count": 15005,
                                    "self": 0.6228385999991985,
                                    "children": {
                                        "TorchPolicy.evaluate": {
                                            "total": 32.322972200000706,
                                            "count": 14244,
                                            "self": 32.322972200000706
                                        }
                                    }
                                },
                                "workers": {
                                    "total": 0.12461010000017225,
                                    "count": 15004,
                                    "self": 0.0,
                                    "children": {
                                        "worker_root": {
                                            "total": 106.33692790000077,
                                            "count": 15004,
                                            "is_parallel": true,
                                            "self": 63.67194199999932,
                                            "children": {
                                                "steps_from_proto": {
                                                    "total": 0.0003869999999999152,
                                                    "count": 1,
                                                    "is_parallel": true,
                                                    "self": 9.329999999962979e-05,