{
    "name": "root",
    "gauges": {
        "GetCoinAgent.Policy.Entropy.mean": {
            "value": 1.4132319688796997,
            "min": 1.4132319688796997,
            "max": 1.4132319688796997,
            "count": 1
        },
        "GetCoinAgent.Policy.Entropy.sum": {
            "value": 70879.234375,
            "min": 70879.234375,
            "max": 70879.234375,
            "count": 1
        },
        "GetCoinAgent.Step.mean": {
            "value": 49944.0,
            "min": 49944.0,
            "max": 49944.0,
            "count": 1
        },
        "GetCoinAgent.Step.sum": {
            "value": 49944.0,
            "min": 49944.0,
            "max": 49944.0,
            "count": 1
        },
        "GetCoinAgent.Policy.ExtrinsicValueEstimate.mean": {
            "value": 0.060976866632699966,
            "min": 0.060976866632699966,
            "max": 0.060976866632699966,
            "count": 1
        },
        "GetCoinAgent.Policy.ExtrinsicValueEstimate.sum": {
            "value": 63.53789520263672,
            "min": 63.53789520263672,
            "max": 63.53789520263672,
            "count": 1
        },
        "GetCoinAgent.Environment.EpisodeLength.mean": {
            "value": 104.31063829787234,
            "min": 104.31063829787234,
            "max": 104.31063829787234,
            "count": 1
        },
        "GetCoinAgent.Environment.EpisodeLength.sum": {
            "value": 49026.0,
            "min": 49026.0,
            "max": 49026.0,
            "count": 1
        },
        "GetCoinAgent.Environment.CumulativeReward.mean": {
            "value": 0.5638297872340425,
            "min": 0.5638297872340425,
            "max": 0.5638297872340425,
            "count": 1
        },
        "GetCoinAgent.Environment.CumulativeReward.sum": {
            "value": 265.0,
            "min": 265.0,
            "max": 265.0,
            "count": 1
        },
        "GetCoinAgent.Policy.ExtrinsicReward.mean": {
            "value": 0.5638297872340425,
            "min": 0.5638297872340425,
            "max": 0.5638297872340425,
            "count": 1
        },
        "GetCoinAgent.Policy.ExtrinsicReward.sum": {
            "value": 265.0,
            "min": 265.0,
            "max": 265.0,
            "count": 1
        },
        "GetCoinAgent.Losses.PolicyLoss.mean": {
            "value": 0.023002243779289226,
            "min": 0.023002243779289226,
            "max": 0.023002243779289226,
            "count": 1
        },
        "GetCoinAgent.Losses.PolicyLoss.sum": {
            "value": 0.0920089751171569,
            "min": 0.0920089751171569,
            "max": 0.0920089751171569,
            "count": 1
        },
        "GetCoinAgent.Losses.ValueLoss.mean": {
            "value": 0.048691448569297795,
            "min": 0.048691448569297795,
            "max": 0.048691448569297795,
            "count": 1
        },
        "GetCoinAgent.Losses.ValueLoss.sum": {
            "value": 0.19476579427719118,
            "min": 0.19476579427719118,
            "max": 0.19476579427719118,
            "count": 1
        },
        "GetCoinAgent.Policy.LearningRate.mean": {
            "value": 0.00028458810513729997,
            "min": 0.00028458810513729997,
            "max": 0.00028458810513729997,
            "count": 1
        },
        "GetCoinAgent.Policy.LearningRate.sum": {
            "value": 0.0011383524205491999,
            "min": 0.0011383524205491999,
            "max": 0.0011383524205491999,
            "count": 1
        },
        "GetCoinAgent.Policy.Epsilon.mean": {
            "value": 0.19486270000000003,
            "min": 0.19486270000000003,
            "max": 0.19486270000000003,
            "count": 1
        },
        "GetCoinAgent.Policy.Epsilon.sum": {
            "value": 0.7794508000000001,
            "min": 0.7794508000000001,
            "max": 0.7794508000000001,
            "count": 1
        },
        "GetCoinAgent.Policy.Beta.mean": {
            "value": 0.004743648729999999,
            "min": 0.004743648729999999,
            "max": 0.004743648729999999,
            "count": 1
        },
        "GetCoinAgent.Policy.Beta.sum": {
            "value": 0.018974594919999997,
            "min": 0.018974594919999997,
            "max": 0.018974594919999997,
            "count": 1
        },
        "GetCoinAgent.IsTraining.mean": {
            "value": 1.0,
            "min": 1.0,
            "max": 1.0,
            "count": 1
        },
        "GetCoinAgent.IsTraining.sum": {
            "value": 1.0,
            "min": 1.0,
            "max": 1.0,
            "count": 1
        }
    },
    "metadata": {
        "timer_format_version": "0.1.0",
        "start_time_seconds": "1732969493",
        "python_version": "3.8.13 (default, Dec 20 2022, 22:09:25) [MSC v.1900 64 bit (AMD64)]",
        "command_line_arguments": "C:\\Users\\nicho\\OneDrive\\Desktop\\HOME-DEV\\Unity-ML-Agents\\Unity RL\\rl-venv\\Scripts\\mlagents-learn --run-id=get-coin",
        "mlagents_version": "0.30.0",
        "mlagents_envs_version": "0.30.0",
        "communication_protocol_version": "1.5.0",
        "pytorch_version": "1.7.1+cu110",
        "numpy_version": "1.21.2",
        "end_time_seconds": "1732969613"
    },
    "total": 119.90402329999999,
    "count": 1,
    "self": 0.0059457999999921185,
    "children": {
        "run_training.setup": {
            "total": 0.08249580000000001,
            "count": 1,
            "self": 0.08249580000000001
        },
        "TrainerController.start_learning": {
            "total": 119.8155817,
            "count": 1,
            "self": 0.2593882999995998,
            "children": {
                "TrainerController._reset_env": {
                    "total": 14.2682761,
                    "count": 1,
                    "self": 14.2682761
                },
                "TrainerController.advance": {
                    "total": 105.17292230000041,
                    "count": 14414,
                    "self": 0.2100973000003421,
                    "children": {
                        "env_step": {
                            "total": 88.60365979999982,
                            "count": 14414,
                            "self": 65.95193399999964,
                            "children": {
                                "SubprocessEnvManager._take_step": {
                                    "total": 22.50203220000035,
                                    "count": 14414,
                                    "self": 0.7482976000003916,
                                    "children": {
                                        "TorchPolicy.evaluate": {
                                            "total": 21.75373459999996,
                                            "count": 13561,
                                            "self": 21.75373459999996
                                        }
                                    }
                                },
                                "workers": {
                                    "total": 0.149693599999825,
                                    "count": 14413,
                                    "self": 0.0,
                                    "children": {
                                        "worker_root": {
                                            "total": 99.61663019999997,
                                            "count": 14413,
                                            "is_parallel": true,
                                            "self": 52.38092390000071,
                                            "children": {
                                                "steps_from_proto": {
                                                    "total": 0.0003719000000010908,
                                                    "count": 1,
                                                    "is_parallel": true,