{
    "name": "root",
    "gauges": {
        "RaceAgent.Policy.Entropy.mean": {
            "value": 2.827831506729126,
            "min": 2.806565999984741,
            "max": 2.827831506729126,
            "count": 2
        },
        "RaceAgent.Policy.Entropy.sum": {
            "value": 141244.53125,
            "min": 140676.3125,
            "max": 141244.53125,
            "count": 2
        },
        "RaceAgent.Step.mean": {
            "value": 99940.0,
            "min": 49964.0,
            "max": 99940.0,
            "count": 2
        },
        "RaceAgent.Step.sum": {
            "value": 99940.0,
            "min": 49964.0,
            "max": 99940.0,
            "count": 2
        },
        "RaceAgent.Policy.ExtrinsicValueEstimate.mean": {
            "value": -0.23053213953971863,
            "min": -0.23053213953971863,
            "max": -0.06093829497694969,
            "count": 2
        },
        "RaceAgent.Policy.ExtrinsicValueEstimate.sum": {
            "value": -185.34783935546875,
            "min": -185.34783935546875,
            "max": -48.87251281738281,
            "count": 2
        },
        "RaceAgent.Environment.EpisodeLength.mean": {
            "value": 1120.3333333333333,
            "min": 1120.3333333333333,
            "max": 1421.4705882352941,
            "count": 2
        },
        "RaceAgent.Environment.EpisodeLength.sum": {
            "value": 47054.0,
            "min": 47054.0,
            "max": 48330.0,
            "count": 2
        },
        "RaceAgent.Environment.CumulativeReward.mean": {
            "value": -8.023809523809524,
            "min": -8.023809523809524,
            "max": -7.5,
            "count": 2
        },
        "RaceAgent.Environment.CumulativeReward.sum": {
            "value": -337.0,
            "min": -337.0,
            "max": -255.0,
            "count": 2
        },
        "RaceAgent.Policy.ExtrinsicReward.mean": {
            "value": -8.023809523809524,
            "min": -8.023809523809524,
            "max": -7.5,
            "count": 2
        },
        "RaceAgent.Policy.ExtrinsicReward.sum": {
            "value": -337.0,
            "min": -337.0,
            "max": -255.0,
            "count": 2
        },
        "RaceAgent.Losses.PolicyLoss.mean": {
            "value": 0.02734342953811089,
            "min": 0.023019142579869367,
            "max": 0.02734342953811089,
            "count": 2
        },
        "RaceAgent.Losses.PolicyLoss.sum": {
            "value": 0.13671714769055446,
            "min": 0.09207657031947747,
            "max": 0.13671714769055446,
            "count": 2
        },
        "RaceAgent.Losses.ValueLoss.mean": {
            "value": 0.3546638126174609,
            "min": 0.22301363951992242,
            "max": 0.3546638126174609,
            "count": 2
        },
        "RaceAgent.Losses.ValueLoss.sum": {
            "value": 1.7733190630873044,
            "min": 0.8920545580796897,
            "max": 1.7733190630873044,
            "count": 2
        },
        "RaceAgent.Policy.LearningRate.mean": {
            "value": 0.0002568738143753999,
            "min": 0.0002568738143753999,
            "max": 0.00028460115513295,
            "count": 2
        },
        "RaceAgent.Policy.LearningRate.sum": {
            "value": 0.0012843690718769996,
            "min": 0.0011384046205318,
            "max": 0.0012843690718769996,
            "count": 2
        },
        "RaceAgent.Policy.Epsilon.mean": {
            "value": 0.18562459999999997,
            "min": 0.18562459999999997,
            "max": 0.19486705000000004,
            "count": 2
        },
        "RaceAgent.Policy.Epsilon.sum": {
            "value": 0.9281229999999999,
            "min": 0.7794682000000002,
            "max": 0.9281229999999999,
            "count": 2
        },
        "RaceAgent.Policy.Beta.mean": {
            "value": 0.004282667540000001,
            "min": 0.004282667540000001,
            "max": 0.004743865795000001,
            "count": 2
        },
        "RaceAgent.Policy.Beta.sum": {
            "value": 0.021413337700000003,
            "min": 0.018975463180000002,
            "max": 0.021413337700000003,
            "count": 2
        },
        "RaceAgent.IsTraining.mean": {
            "value": 1.0,
            "min": 1.0,
            "max": 1.0,
            "count": 2
        },
        "RaceAgent.IsTraining.sum": {
            "value": 1.0,
            "min": 1.0,
            "max": 1.0,
            "count": 2
        }
    },
    "metadata": {
        "timer_format_version": "0.1.0",
        "start_time_seconds": "1733125657",
        "python_version": "3.8.13 (default, Dec 20 2022, 22:09:25) [MSC v.1900 64 bit (AMD64)]",
        "command_line_arguments": "C:\\Users\\nicho\\OneDrive\\Desktop\\HOME-DEV\\Unity-ML-Agents\\Unity RL\\rl-venv\\Scripts\\mlagents-learn --run-id=race-1 --force",
        "mlagents_version": "0.30.0",
        "mlagents_envs_version": "0.30.0",
        "communication_protocol_version": "1.5.0",
        "pytorch_version": "1.7.1+cu110",
        "numpy_version": "1.21.2",
        "end_time_seconds": "1733125948"
    },
    "total": 291.8165285,
    "count": 1,
    "self": 0.0036519000000225788,
    "children": {
        "run_training.setup": {
            "total": 0.08435740000000003,
            "count": 1,
            "self": 0.08435740000000003
        },
        "TrainerController.start_learning": {
            "total": 291.7285192,
            "count": 1,
            "self": 0.345294300001342,
            "children": {
                "TrainerController._reset_env": {
                    "total": 11.1755364,
                    "count": 1,
                    "self": 11.1755364
                },
                "TrainerController.advance": {
                    "total": 280.07591519999863,
                    "count": 28984,
                    "self": 0.33239180000316537,
                    "children": {
                        "env_step": {
                            "total": 250.03505319999726,
                            "count": 28984,
                            "self": 133.25856519999755,
                            "children": {
                                "SubprocessEnvManager._take_step": {
                                    "total": 116.56492139999838,
                                    "count": 28984,
                                    "self": 1.0920550999969123,
                                    "children": {
                                        "TorchPolicy.evaluate": {
                                            "total": 115.47286630000147,
                                            "count": 28984,
                                            "self": 115.47286630000147
                                        }
                                    }
                                },
                                "workers": {
                                    "total": 0.21156660000132632,
                                    "count": 28983,
                                    "self": 0.0,
                                    "children": {
                                        "worker_root": {
                                            "total": 220.0950615999988,
                                            "count": 28983,
                                            "is_parallel": true,
                                            "self": 166.1216346999999,
                                            "children": {
                                                "steps_from_proto": {
                                                    "total": 0.00042719999999896174,
                                                    "count": 1,
                                                    "is_parallel": true,
                                                    "self": 0.00017339999999954614,