{
    "name": "root",
    "gauges": {
        "RaceAgent.Policy.Entropy.mean": {
            "value": 1.7773700952529907,
            "min": 1.7773700952529907,
            "max": 2.572361946105957,
            "count": 3
        },
        "RaceAgent.Policy.Entropy.sum": {
            "value": 17800.361328125,
            "min": 17800.361328125,
            "max": 25808.5078125,
            "count": 3
        },
        "RaceAgent.Step.mean": {
            "value": 29960.0,
            "min": 9979.0,
            "max": 29960.0,
            "count": 3
        },
        "RaceAgent.Step.sum": {
            "value": 29960.0,
            "min": 9979.0,
            "max": 29960.0,
            "count": 3
        },
        "RaceAgent.Policy.ExtrinsicValueEstimate.mean": {
            "value": -3.234738349914551,
            "min": -4.283170223236084,
            "max": -2.5945825576782227,
            "count": 3
        },
        "RaceAgent.Policy.ExtrinsicValueEstimate.sum": {
            "value": -566.0792236328125,
            "min": -783.8201293945312,
            "max": -454.05194091796875,
            "count": 3
        },
        "RaceAgent.Losses.PolicyLoss.mean": {
            "value": 0.23908442623513287,
            "min": 0.23908442623513287,
            "max": 0.24663839792538994,
            "count": 3
        },
        "RaceAgent.Losses.PolicyLoss.sum": {
            "value": 19.12675409881063,
            "min": 18.48862337056918,
            "max": 19.12675409881063,
            "count": 3
        },
        "RaceAgent.Losses.ValueLoss.mean": {
            "value": 1.4255954054118622,
            "min": 1.2145111745566857,
            "max": 1.4255954054118622,
            "count": 3
        },
        "RaceAgent.Losses.ValueLoss.sum": {
            "value": 114.04763243294899,
            "min": 91.08833809175142,
            "max": 114.04763243294899,
            "count": 3
        },
        "RaceAgent.Policy.LearningRate.mean": {
            "value": 0.00028497336500888,
            "min": 0.00028497336500888,
            "max": 0.00029699794500068536,
            "count": 3
        },
        "RaceAgent.Policy.LearningRate.sum": {
            "value": 0.022797869200710398,
            "min": 0.0221200628266458,
            "max": 0.022797869200710398,
            "count": 3
        },
        "RaceAgent.Policy.Epsilon.mean": {
            "value": 0.19499112000000002,
            "min": 0.19499112000000002,
            "max": 0.19899931466666668,
            "count": 3
        },
        "RaceAgent.Policy.Epsilon.sum": {
            "value": 15.599289600000002,
            "min": 14.9249486,
            "max": 15.599289600000002,
            "count": 3
        },
        "RaceAgent.Policy.Beta.mean": {
            "value": 0.0005000000000000001,
            "min": 0.0005000000000000001,
            "max": 0.0005000000000000001,
            "count": 3
        },
        "RaceAgent.Policy.Beta.sum": {
            "value": 0.04000000000000001,
            "min": 0.037500000000000006,
            "max": 0.04000000000000001,
            "count": 3
        },
        "RaceAgent.Environment.EpisodeLength.mean": {
            "value": 198.02,
            "min": 163.13333333333333,
            "max": 285.65714285714284,
            "count": 3
        },
        "RaceAgent.Environment.EpisodeLength.sum": {
            "value": 9901.0,
            "min": 9788.0,
            "max": 9998.0,
            "count": 3
        },
        "RaceAgent.Environment.CumulativeReward.mean": {
            "value": -6.38,
            "min": -8.117647058823529,
            "max": -6.38,
            "count": 3
        },
        "RaceAgent.Environment.CumulativeReward.sum": {
            "value": -319.0,
            "min": -494.0,
            "max": -276.0,
            "count": 3
        },
        "RaceAgent.Policy.ExtrinsicReward.mean": {
            "value": -6.38,
            "min": -8.117647058823529,
            "max": -6.38,
            "count": 3
        },
        "RaceAgent.Policy.ExtrinsicReward.sum": {
            "value": -319.0,
            "min": -494.0,
            "max": -276.0,
            "count": 3
        },
        "RaceAgent.IsTraining.mean": {
            "value": 1.0,
            "min": 1.0,
            "max": 1.0,
            "count": 3
        },
        "RaceAgent.IsTraining.sum": {
            "value": 1.0,
            "min": 1.0,
            "max": 1.0,
            "count": 3
        }
    },
    "metadata": {
        "timer_format_version": "0.1.0",
        "start_time_seconds": "1733129233",
        "python_version": "3.8.13 (default, Dec 20 2022, 22:09:25) [MSC v.1900 64 bit (AMD64)]",
        "command_line_arguments": "C:\\Users\\nicho\\OneDrive\\Desktop\\HOME-DEV\\Unity-ML-Agents\\Unity RL\\rl-venv\\Scripts\\mlagents-learn config/RaceAgent.yaml --run-id=race-1 --force",
        "mlagents_version": "0.30.0",
        "mlagents_envs_version": "0.30.0",
        "communication_protocol_version": "1.5.0",
        "pytorch_version": "1.7.1+cu110",
        "numpy_version": "1.21.2",
        "end_time_seconds": "1733129593"
    },
    "total": 360.30853759999997,
    "count": 1,
    "self": 0.004912599999954637,
    "children": {
        "run_training.setup": {
            "total": 0.08449380000000017,
            "count": 1,
            "self": 0.08449380000000017
        },
        "TrainerController.start_learning": {
            "total": 360.2191312,
            "count": 1,
            "self": 0.39517860000012206,
            "children": {
                "TrainerController._reset_env": {
                    "total": 16.7409454,
                    "count": 1,
                    "self": 16.7409454
                },
                "TrainerController.advance": {
                    "total": 342.94925189999987,
                    "count": 30217,
                    "self": 0.35006370000297693,
                    "children": {
                        "env_step": {
                            "total": 249.5518264999992,
                            "count": 30217,
                            "self": 133.72651529999743,
                            "children": {
                                "SubprocessEnvManager._take_step": {
                                    "total": 115.59066369999891,
                                    "count": 30217,
                                    "self": 1.2278770000002623,
                                    "children": {
                                        "TorchPolicy.evaluate": {
                                            "total": 114.36278669999865,
                                            "count": 30217,
                                            "self": 114.36278669999865
                                        }
                                    }
                                },
                                "workers": {
                                    "total": 0.23464750000287182,
                                    "count": 30216,
                                    "self": 0.0,
                                    "children": {
                                        "worker_root": {
                                            "total": 283.79556570000096,
                                            "count": 30216,
                                            "is_parallel": true,
                                            "self": 230.24623699999697,
                                            "children": {
                                                "steps_from_proto": {
                                                    "total": 0.0023996999999997826,
                                                    "count": 1,
                                                    "is_parallel": true,
                                                    "self": 0.0008248000000001809,