{
    "name": "root",
    "gauges": {
        "RaceAgent.Policy.Entropy.mean": {
            "value": 2.5443153381347656,
            "min": 2.5443153381347656,
            "max": 2.805206298828125,
            "count": 5
        },
        "RaceAgent.Policy.Entropy.sum": {
            "value": 25377.0,
            "min": 25377.0,
            "max": 28052.0625,
            "count": 5
        },
        "RaceAgent.Step.mean": {
            "value": 49946.0,
            "min": 9984.0,
            "max": 49946.0,
            "count": 5
        },
        "RaceAgent.Step.sum": {
            "value": 49946.0,
            "min": 9984.0,
            "max": 49946.0,
            "count": 5
        },
        "RaceAgent.Policy.ExtrinsicValueEstimate.mean": {
            "value": -0.012480305507779121,
            "min": -0.014561469666659832,
            "max": 0.44206503033638,
            "count": 5
        },
        "RaceAgent.Policy.ExtrinsicValueEstimate.sum": {
            "value": -1.9968488216400146,
            "min": -2.3443965911865234,
            "max": 70.28833770751953,
            "count": 5
        },
        "RaceAgent.Policy.GailValueEstimate.mean": {
            "value": 23.154033660888672,
            "min": 0.16299057006835938,
            "max": 39.65788269042969,
            "count": 5
        },
        "RaceAgent.Policy.GailValueEstimate.sum": {
            "value": 3704.645263671875,
            "min": 25.91550064086914,
            "max": 6503.892578125,
            "count": 5
        },
        "RaceAgent.Environment.EpisodeLength.mean": {
            "value": 1014.7777777777778,
            "min": 549.7058823529412,
            "max": 1999.0,
            "count": 5
        },
        "RaceAgent.Environment.EpisodeLength.sum": {
            "value": 9133.0,
            "min": 9133.0,
            "max": 10384.0,
            "count": 5
        },
        "RaceAgent.Environment.CumulativeReward.mean": {
            "value": -11.444444444444445,
            "min": -11.444444444444445,
            "max": 0.0,
            "count": 5
        },
        "RaceAgent.Environment.CumulativeReward.sum": {
            "value": -103.0,
            "min": -162.0,
            "max": 0.0,
            "count": 5
        },
        "RaceAgent.Policy.ExtrinsicReward.mean": {
            "value": -1.144444451563888,
            "min": -1.144444451563888,
            "max": 0.0,
            "count": 5
        },
        "RaceAgent.Policy.ExtrinsicReward.sum": {
            "value": -10.300000064074993,
            "min": -16.199999943375587,
            "max": 0.0,
            "count": 5
        },
        "RaceAgent.Policy.GailReward.mean": {
            "value": 220.2407167620129,
            "min": 168.64658477902412,
            "max": 1392.0652751922607,
            "count": 5
        },
        "RaceAgent.Policy.GailReward.sum": {
            "value": 1982.1664508581161,
            "min": 1349.172678232193,
            "max": 14433.482844948769,
            "count": 5
        },
        "RaceAgent.IsTraining.mean": {
            "value": 1.0,
            "min": 1.0,
            "max": 1.0,
            "count": 5
        },
        "RaceAgent.IsTraining.sum": {
            "value": 1.0,
            "min": 1.0,
            "max": 1.0,
            "count": 5
        },
        "RaceAgent.Losses.PolicyLoss.mean": {
            "value": 0.05034718671158771,
            "min": 0.042134392526349984,
            "max": 0.05039149006564306,
            "count": 4
        },
        "RaceAgent.Losses.PolicyLoss.sum": {
            "value": 0.05034718671158771,
            "min": 0.042134392526349984,
            "max": 0.05039149006564306,
            "count": 4
        },
        "RaceAgent.Losses.ValueLoss.mean": {
            "value": 16.55176788965861,
            "min": 16.55176788965861,
            "max": 438.6652226765951,
            "count": 4
        },
        "RaceAgent.Losses.ValueLoss.sum": {
            "value": 16.55176788965861,
            "min": 16.55176788965861,
            "max": 438.6652226765951,
            "count": 4
        },
        "RaceAgent.Policy.LearningRate.mean": {
            "value": 0.00027534060821979994,
            "min": 0.00027534060821979994,
            "max": 0.00029384640205119995,
            "count": 4
        },
        "RaceAgent.Policy.LearningRate.sum": {
            "value": 0.00027534060821979994,
            "min": 0.00027534060821979994,
            "max": 0.00029384640205119995,
            "count": 4
        },
        "RaceAgent.Policy.Epsilon.mean": {
            "value": 0.19178020000000004,
            "min": 0.19178020000000004,
            "max": 0.19794879999999995,
            "count": 4
        },
        "RaceAgent.Policy.Epsilon.sum": {
            "value": 0.19178020000000004,
            "min": 0.19178020000000004,
            "max": 0.19794879999999995,
            "count": 4
        },
        "RaceAgent.Policy.Beta.mean": {
            "value": 0.0005000000000000002,
            "min": 0.0005000000000000002,
            "max": 0.0005000000000000002,
            "count": 4
        },
        "RaceAgent.Policy.Beta.sum": {
            "value": 0.0005000000000000002,
            "min": 0.0005000000000000002,
            "max": 0.0005000000000000002,
            "count": 4
        },
        "RaceAgent.Policy.GAILPolicyEstimate.mean": {
            "value": 0.1631700579697887,
            "min": 0.1631700579697887,
            "max": 0.4422068444391092,
            "count": 4
        },
        "RaceAgent.Policy.GAILPolicyEstimate.sum": {
            "value": 0.1631700579697887,
            "min": 0.1631700579697887,
            "max": 0.4422068444391092,
            "count": 4
        },
        "RaceAgent.Policy.GAILExpertEstimate.mean": {
            "value": 0.8418580904603005,
            "min": 0.4934566915035248,
            "max": 0.8418580904603005,
            "count": 4
        },
        "RaceAgent.Policy.GAILExpertEstimate.sum": {
            "value": 0.8418580904603005,
            "min": 0.4934566915035248,
            "max": 0.8418580904603005,
            "count": 4
        },
        "RaceAgent.Losses.GAILLoss.mean": {
            "value": 0.39241162265340485,
            "min": 0.39241162265340485,
            "max": 1.3861137176553409,
            "count": 4
        },
        "RaceAgent.Losses.GAILLoss.sum": {
            "value": 0.39241162265340485,
            "min": 0.39241162265340485,
            "max": 1.3861137176553409,
            "count": 4
        },
        "RaceAgent.Policy.GAILGradMagLoss.mean": {
            "value": 0.8771850933631261,
            "min": 0.2165696144104004,
            "max": 4.856140789141258,
            "count": 4
        },
        "RaceAgent.Policy.GAILGradMagLoss.sum": {
            "value": 0.8771850933631261,
            "min": 0.2165696144104004,
            "max": 4.856140789141258,
            "count": 4
        },
        "RaceAgent.Losses.PretrainingLoss.mean": {
            "value": 1.4661904978029656,
            "min": 1.4661904978029656,
            "max": 1.7682811498641968,
            "count": 4
        },
        "RaceAgent.Losses.PretrainingLoss.sum": {
            "value": 1.4661904978029656,
            "min": 1.4661904978029656,
            "max": 1.7682811498641968,
            "count": 4
        }
    },
    "metadata": {
        "timer_format_version": "0.1.0",
        "start_time_seconds": "1733133892",
        "python_version": "3.8.13 (default, Dec 20 2022, 22:09:25) [MSC v.1900 64 bit (AMD64)]",
        "command_line_arguments": "C:\\Users\\nicho\\OneDrive\\Desktop\\HOME-DEV\\Unity-ML-Agents\\Unity RL\\rl-venv\\Scripts\\mlagents-learn config/RaceAgent-Imitation.yaml --run-id=race-il001",
        "mlagents_version": "0.30.0",
        "mlagents_envs_version": "0.30.0",
        "communication_protocol_version": "1.5.0",
        "pytorch_version": "1.7.1+cu110",
        "numpy_version": "1.21.2",